Last Name,First Name,Date,Attempts,Quality Scores,Total Time,Average Time
Bubenhofer,John,08/21/2014,11,10,9:59,0:54
Bubenhofer,John,08/20/2014,13,10,13:05,1:00
Bubenhofer,John,08/19/2014,14,10,15:26,1:06
Benintendi,Sebastian,08/21/2014,16,15,17:46,1:06
Benintendi,Sebastian,08/20/2014,19,15,24:59,1:18
Benintendi,Sebastian,08/19/2014,19,15,27:19,1:26
Wallach,Mark,08/21/2014,10,10,10:06,1:00
Wallach,Mark,08/19/2014,11,10,11:37,1:03
Gerstner,Trevor,08/21/2014,11,10,13:18,1:12
Gerstner,Trevor,08/20/2014,10,10,12:54,1:17
Gerstner,Trevor,08/19/2014,12,10,17:08,1:25
Keating,Danny,08/21/2014,15,15,13:59,0:55
Keating,Danny,08/20/2014,15,15,13:19,0:53
Keating,Danny,08/19/2014,25,16,25:07,1:00
Plogmann,Nate,08/21/2014,15,15,16:06,1:04
Plogmann,Nate,08/20/2014,15,15,14:21,0:57
Plogmann,Nate,08/19/2014,19,18,23:18,1:13
Scott,Justin,08/20/2014,15,15,22:13,1:28
Scott,Justin,08/19/2014,20,16,30:14,1:30
Childs,Jake,08/21/2014,12,11,10:46,0:53
Childs,Jake,08/20/2014,16,15,13:46,0:51
Childs,Jake,08/19/2014,16,15,16:25,1:01
DeGroft,John,08/20/2014,17,16,21:52,1:17
DeGroft,John,08/19/2014,21,10,30:05,1:25
McMahon,Austin,08/21/2014,17,15,22:32,1:19
McMahon,Austin,08/20/2014,16,15,17:41,1:06
McMahon,Austin,08/19/2014,26,15,36:03,1:23
Gunderson,Jack,08/21/2014,22,20,27:10,1:14
Gunderson,Jack,08/19/2014,15,10,20:52,1:23
Greve,Jack,08/21/2014,22,15,23:32,1:04
Greve,Jack,08/19/2014,10,10,12:48,1:16
Howland,Max,08/21/2014,2,1,2:03,1:01
Howland,Max,08/20/2014,12,10,16:57,1:24
Howland,Max,08/19/2014,17,10,26:56,1:35
Turner,Nate,08/21/2014,10,10,7:47,0:46
Turner,Nate,08/19/2014,18,10,18:10,1:00
Woods,Zach,08/21/2014,13,10,18:03,1:23
Woods,Zach,08/20/2014,10,10,14:11,1:25
Woods,Zach,08/19/2014,16,10,23:25,1:27
Wentzel,Austin,08/21/2014,11,11,11:47,1:04
Wentzel,Austin,08/20/2014,12,12,14:38,1:13
Wentzel,Austin,08/19/2014,14,13,19:10,1:22
sambrookes,jordan,08/18/2014,19,10,15:52,0:50
sambrookes,jordan,08/21/2014,14,10,13:58,0:59
Soberano,Blaise,08/21/2014,20,15,21:30,1:04
Soberano,Blaise,08/20/2014,26,15,25:55,0:59
jones,colin,08/21/2014,12,10,13:02,1:05
jones,colin,08/20/2014,10,10,11:12,1:07
jones,colin,08/19/2014,10,10,12:03,1:12
Felton,Danny,08/21/2014,14,12,7:28,0:32
Felton,Danny,08/20/2014,17,15,9:42,0:34
Felton,Danny,08/19/2014,16,14,11:37,0:43
Homer,Andrew,08/21/2014,10,10,12:58,1:17
Homer,Andrew,08/20/2014,12,10,16:35,1:22
Homer,Andrew,08/19/2014,13,10,20:22,1:34
van der Werff,Willem,08/18/2014,17,10,21:18,1:15
van der Werff,Willem,08/20/2014,10,10,10:52,1:05
van der Werff,Willem,08/19/2014,14,10,16:06,1:09
Haney,David,08/21/2014,12,10,14:12,1:11
Haney,David,08/20/2014,11,10,15:46,1:26
Haney,David,08/19/2014,13,10,17:25,1:20
Hummel,Brandon,08/21/2014,10,10,13:37,1:21
Hummel,Brandon,08/20/2014,13,10,20:26,1:34
Hummel,Brandon,08/19/2014,12,10,19:58,1:39
Leesman,William,08/21/2014,11,10,9:02,0:49
Leesman,William,08/20/2014,14,11,14:47,1:03
Leesman,William,08/19/2014,10,10,12:15,1:13
Stagge,Tyler,08/21/2014,10,10,10:57,1:05
Stagge,Tyler,08/20/2014,10,10,12:53,1:17
Stagge,Tyler,08/19/2014,10,10,12:27,1:14
Paul,John,08/21/2014,10,10,6:15,0:37
Paul,John,08/20/2014,10,10,6:09,0:36
Paul,John,08/19/2014,10,10,6:54,0:41
Gibboney,Kyle,08/21/2014,10,10,10:03,1:00
Gibboney,Kyle,08/20/2014,11,10,14:37,1:19
Gibboney,Kyle,08/19/2014,12,10,18:05,1:30
Lawley,Nate,08/20/2014,11,9,10:06,0:55
Lawley,Nate,08/19/2014,11,10,8:50,0:48
Ecker,Mr. Ethan,08/21/2014,21,19,23:55,1:08
Ecker,Mr. Ethan,08/20/2014,10,5,10:26,1:02
Ecker,Mr. Ethan,08/19/2014,20,10,22:05,1:06
Luongo,Richard,08/20/2014,17,15,20:50,1:13
Luongo,Richard,08/19/2014,26,15,37:30,1:26
Prophit,Sean,08/21/2014,18,14,23:01,1:16
Osterman,Jack,08/20/2014,10,10,10:27,1:02
Osterman,Jack,08/19/2014,10,10,12:15,1:13
Patterson,Jared,08/21/2014,14,10,10:35,0:45
Patterson,Jared,08/20/2014,15,10,14:12,0:56
Patterson,Jared,08/19/2014,23,10,22:10,0:57
Pavlin,Zachary,08/21/2014,17,16,12:04,0:42
Pavlin,Zachary,08/20/2014,18,12,15:55,0:53
Pavlin,Zachary,08/19/2014,16,10,13:27,0:50
Breitenbach,Will,08/21/2014,21,20,25:09,1:11
Breitenbach,Will,08/19/2014,11,10,15:53,1:26
Rainford,Adam,08/21/2014,18,10,16:56,0:56
Rainford,Adam,08/20/2014,13,10,14:25,1:06
Rainford,Adam,08/19/2014,14,11,18:22,1:18
Faisant,John,08/21/2014,10,10,6:08,0:36
Faisant,John,08/20/2014,10,10,6:45,0:40
Faisant,John,08/19/2014,13,10,7:17,0:33
Yonchak,Eric,08/21/2014,15,14,17:07,1:08
Yonchak,Eric,08/20/2014,15,15,19:51,1:19
Hildebrandt,Matthew,08/20/2014,16,15,12:24,0:46
Hildebrandt,Matthew,08/19/2014,13,10,18:21,1:24
Payne,Elijah,08/21/2014,12,10,13:06,1:05
Payne,Elijah,08/20/2014,11,10,12:05,1:05
Payne,Elijah,08/19/2014,25,10,31:27,1:15
Blankenhorn,Jack,08/21/2014,7,7,9:45,1:23
Blankenhorn,Jack,08/20/2014,13,9,20:43,1:35
Blankenhorn,Jack,08/19/2014,7,1,11:26,1:38
Leibson,Charles,08/21/2014,16,15,9:38,0:36
Leibson,Charles,08/20/2014,14,11,8:54,0:38
Leibson,Charles,08/19/2014,16,15,11:02,0:41
Cooper,Corey,08/21/2014,17,15,15:13,0:53
Cooper,Corey,08/20/2014,16,16,19:22,1:12
Cooper,Corey,08/19/2014,18,15,25:08,1:23
Maly,Addison,08/21/2014,14,10,13:36,0:58
Maly,Addison,08/20/2014,11,10,9:55,0:54
Maly,Addison,08/19/2014,14,10,17:42,1:15
strotman,ryan,08/21/2014,16,15,13:36,0:51
strotman,ryan,08/20/2014,24,16,23:21,0:58
strotman,ryan,08/19/2014,29,15,33:42,1:09
Rademacher,Andrew,08/21/2014,12,10,18:29,1:32
Rademacher,Andrew,08/20/2014,16,10,25:02,1:33
Rademacher,Andrew,08/19/2014,25,10,39:32,1:34
Slabe,Matt,08/21/2014,15,15,16:31,1:06
Slabe,Matt,08/20/2014,15,15,16:18,1:05
Slabe,Matt,08/19/2014,16,15,21:46,1:21
Vonderhaar,Andrew,08/21/2014,19,15,15:53,0:50
Vonderhaar,Andrew,08/20/2014,20,18,22:41,1:08
Vonderhaar,Andrew,08/19/2014,21,17,24:10,1:09
Vail,Daniel,08/21/2014,11,10,6:09,0:33
Vail,Daniel,08/20/2014,16,15,9:44,0:36
Vail,Daniel,08/19/2014,15,15,9:47,0:39
Glassmeyer,Pete,08/21/2014,13,10,17:08,1:19
Glassmeyer,Pete,08/20/2014,12,9,16:55,1:24
Glassmeyer,Pete,08/19/2014,14,10,20:28,1:27
Armbruster,Hogan,08/21/2014,10,10,11:57,1:11
Armbruster,Hogan,08/20/2014,10,10,14:08,1:24
Armbruster,Hogan,08/19/2014,17,15,25:05,1:28
Reed,Kyle,08/21/2014,4,1,6:06,1:31
Wellman,Chase,08/21/2014,16,15,22:20,1:23
Wellman,Chase,08/20/2014,17,15,24:05,1:25
Wellman,Chase,08/19/2014,18,10,31:12,1:44
Hussain,Fadhil,08/21/2014,11,10,8:36,0:46
Hussain,Fadhil,08/20/2014,11,10,8:29,0:46
Hussain,Fadhil,08/19/2014,14,10,15:15,1:05
Worcester,Andrew,08/21/2014,11,10,9:42,0:52
Worcester,Andrew,08/20/2014,10,10,10:43,1:04
Worcester,Andrew,08/19/2014,12,10,15:24,1:17
Fitzgerald,Drew,08/21/2014,13,11,11:43,0:54
Fitzgerald,Drew,08/20/2014,10,10,9:39,0:57
Fitzgerald,Drew,08/19/2014,13,10,15:20,1:10
Arthur,Nicholas,08/21/2014,15,11,14:09,0:56
Arthur,Nicholas,08/20/2014,18,11,19:04,1:03
Arthur,Nicholas,08/19/2014,33,10,35:23,1:04
Cardone,Chris,08/21/2014,16,15,10:29,0:39
Cardone,Chris,08/20/2014,11,10,6:24,0:34
Cardone,Chris,08/19/2014,19,15,12:32,0:39
Anderson,Caleb,08/21/2014,14,10,13:52,0:59
Anderson,Caleb,08/20/2014,15,10,18:11,1:12
Anderson,Caleb,08/19/2014,16,10,22:57,1:26
Reuter,Matthew,08/21/2014,18,18,19:50,1:06
Reuter,Matthew,08/20/2014,19,19,20:35,1:05
Reuter,Matthew,08/19/2014,18,18,20:55,1:09
